-- phpMyAdmin SQL Dump
-- version 5.0.2
-- https://www.phpmyadmin.net/
--
-- Servidor: 127.0.0.1
-- Tiempo de generación: 17-03-2021 a las 20:27:33
-- Versión del servidor: 10.4.11-MariaDB
-- Versión de PHP: 7.4.5

SET SQL_MODE = "NO_AUTO_VALUE_ON_ZERO";
START TRANSACTION;
SET time_zone = "+00:00";


/*!40101 SET @OLD_CHARACTER_SET_CLIENT=@@CHARACTER_SET_CLIENT */;
/*!40101 SET @OLD_CHARACTER_SET_RESULTS=@@CHARACTER_SET_RESULTS */;
/*!40101 SET @OLD_COLLATION_CONNECTION=@@COLLATION_CONNECTION */;
/*!40101 SET NAMES utf8mb4 */;

--
-- Base de datos: `stocksistem`
--

-- --------------------------------------------------------

--
-- Estructura de tabla para la tabla `articulos`
--

CREATE TABLE `articulos` (
  `articulo` int(11) NOT NULL,
  `nombre` varchar(255) DEFAULT '0',
  `costo` decimal(11,2) DEFAULT 0.00,
  `stockmin` int(11) DEFAULT 0,
  `cantidad` int(11) DEFAULT 0,
  `descripcion` text DEFAULT NULL,
  `imagen` text DEFAULT NULL,
  `categoria` int(11) NOT NULL,
  `codBarra` varchar(40) NOT NULL,
  `precioVenta` decimal(11,2) NOT NULL,
  `idEsta` int(11) NOT NULL,
  `idProveedor` int(11) NOT NULL
) ENGINE=InnoDB DEFAULT CHARSET=latin1;

--
-- Volcado de datos para la tabla `articulos`
--

INSERT INTO `articulos` (`articulo`, `nombre`, `costo`, `stockmin`, `cantidad`, `descripcion`, `imagen`, `categoria`, `codBarra`, `precioVenta`, `idEsta`, `idProveedor`) VALUES
(38, 'xx', '100.00', 1, 480, 'esposas de peluche policia', '', 1, '1', '2000.00', 1, 21),
(41, 'Potente vibrador con funda de silicona', '1200.00', 1, 60, 'potente vibrador con suave funda de silicona', '', 2, '2', '30548.96', 2, 22),
(42, 'Disfraz Cotillón Monja Sexy', '100.00', 1, 598, 'disfraz de monja mujer', '', 12, '3', '1344.31', 1, 21),
(43, 'Disfraz Secretaria Sexy', '2300.00', 1, 1, 'disfraz de secretaria', '', 12, '4', '2454.84', 1, 0),
(44, 'Disfraz de Presa Sexy', '2800.00', 10, 0, 'hola', '', 12, '5', '2863.96', 1, 0),
(45, 'Disfraz Mucama Hot', '1900.00', 10, 1, 'chau', '', 12, '6', '1943.43', 1, 0),
(46, 'dildo doble', '1700.00', 1, 2, 'doble dildo doble corrida', '', 12, '7', '1738.85', 1, 0),
(47, 'Disfraz Enfermera Sexy', '1200.00', 1, 2, '', '', 12, '8', '1227.42', 1, 0),
(48, 'Disfraz Policía Sexy', '1450.00', 10, 0, '', '', 12, '9', '1483.12', 1, 0),
(49, 'Disfraz Mayordomo / Barman Sexy', '1150.00', 1, 1, '', '', 12, '10', '1176.27', 2, 0),
(50, 'Arnes con Dildo +Gel', '1800.00', 0, 0, '', '', 12, '', '1841.13', 2, 0),
(63, 'Imperial x 473cm3', '90.00', 24, 45, '', '', 11, '', '92.06', 2, 0),
(64, 'Speed x250ml', '80.00', 24, 57, '', '', 7, '', '81.84', 1, 0),
(65, 'Quilmes Clásica x476cm3', '80.00', 24, 20, '', '', 7, '', '81.84', 1, 0),
(66, 'Agua Kin x375ml', '70.00', 12, 28, '', '', 6, '', '71.62', 1, 0),
(67, 'Coca Cola x500ml', '70.00', 12, 0, '', '', 6, '', '71.62', 5, 0),
(68, 'Heineken Lata  x473cm3', '150.00', 24, 180, '', '', 7, '', '153.44', 1, 0),
(69, 'Patagonia Amber L. x473cm3', '110.00', 24, 13, '', '', 7, '', '112.52', 1, 0),
(70, 'Miller x473cm3', '100.00', 24, 55, '', '', 7, '', '102.29', 2, 0),
(71, 'Corona nacional x710cm3', '250.00', 5, 61, '', '', 7, '', '255.71', 2, 0),
(72, 'Cepita x1,5L', '150.00', 4, 12, '', '', 6, '', '153.44', 1, 0),
(73, 'Chandon Delice x750', '850.00', 6, 9, '', '', 7, '', '869.43', 2, 0),
(74, 'Smirnoff Vodka', '550.00', 1, 4, '', '', 7, '', '562.56', 1, 0),
(75, 'Fernet Branca x450', '350.00', 3, 3, '', '', 7, '', '357.98', 2, 0),
(78, 'Arreglo especial', '1000.00', 10, 100000, 'Ocasiones especiales ( aniversarios, cumpleaños) pétalos de rosa, velas aromáticas, arreglos de toallas, etc ', '', 11, '10', '1022.86', 1, 0),
(81, 'Papas Fritas Lay´s', '80.00', 30, 63, '', '', 16, '', '81.84', 1, 0),
(83, 'Mani Pehuamar ', '100.00', 50, 124, '', '', 11, '', '102.29', 1, 0),
(84, 'Preservativo Prime', '150.00', 10, 43, '', '', 16, '', '153.44', 1, 0),
(86, 'Preservativo Camaleon', '100.00', 36, 46, '', '', 16, '', '102.29', 1, 0),
(87, 'Palitos salados Pehuamar ', '100.00', 20, 57, '', '', 16, '', '102.29', 1, 0),
(88, 'Whisky Johnnie Walker Red Label', '2000.00', 2, 2, '', '', 7, '', '2863.96', 1, 0),
(89, 'Castigadora Arnes Lencería Sexy Hot', '1400.00', 1, 0, '', '', 12, '', '1431.99', 1, 0),
(90, 'Arnés Portaligas Lenceria Sexy Erótica', '1450.00', 1, 1, '', '', 12, '', '1483.12', 1, 0),
(91, 'Combo Kong Dilatador Anal Gel Try Miss V', '2400.00', 1, 4, '', '', 12, '', '2454.84', 1, 0),
(93, 'Dada Pink Cassis', '400.00', 10, 12, '', '', 7, '', '409.15', 1, 0),
(94, 'Dada Sweet Pink', '400.00', 1, 0, '', '', 7, '', '409.15', 1, 0),
(95, 'Dada Sweet', '400.00', 1, 6, '', '', 7, '', '409.15', 1, 0),
(97, 'Plug Cola de Zorro', '2100.00', 1, 1, '', '', 12, '', '2147.97', 1, 0),
(98, 'Varita Anal Inexpulsable estimulador', '1000.00', 1, 3, '', '', 12, '', '2045.69', 1, 0),
(100, 'Fanta x500ml', '70.00', 8, 4, '', '', 6, '', '71.62', 1, 0),
(101, 'Sprite x600ml', '70.00', 8, 0, '', '', 6, '', '71.62', 1, 0),
(102, 'Batas', '2500.00', 20, 48, '', '', 11, '', '2557.12', 1, 0),
(103, 'Toallon ', '1500.00', 20, 100, '', '', 11, '', '1534.26', 1, 0),
(104, 'Toalla para rostro', '420.00', 20, 99, '', '', 11, '', '429.59', 1, 0),
(105, 'Alfombra', '420.00', 20, 50, '', '', 11, '', '429.59', 1, 0),
(106, 'Cubre colchon', '4500.00', 10, 15, '', '', 11, '', '4602.79', 1, 0),
(107, 'Juego de sabana', '4500.00', 96, 100, '', '', 11, '', '4602.79', 1, 0),
(108, 'Almohada', '2500.00', 10, 20, '', '', 11, '', '2557.12', 1, 0),
(109, 'Fundas', '100.00', 25, 150, '', '', 11, '', '102.29', 1, 0),
(110, 'Copas', '200.00', 10, 47, '', '', 11, '', '204.59', 1, 0),
(111, 'Vasos de jugo', '200.00', 10, 58, '', '', 11, '', '204.59', 1, 0),
(112, 'Cubiertos', '70.00', 10, 50, '', '', 11, '', '71.62', 1, 0),
(113, 'Plato grande cuadrado', '1000.00', 10, 36, '', '', 11, '', '1022.86', 1, 0),
(114, 'Plato chico cuadrado', '600.00', 3, 8, '', '', 11, '', '613.69', 1, 0),
(115, 'Tazas Cuadradas', '600.00', 10, 8, '', '', 11, '', '613.69', 1, 0),
(117, 'Corona nacional x330cm3', '150.00', 15, 65, '', '', 7, '', '153.44', 1, 0),
(126, 'Esposas de metal peluche policía', '900.00', 0, 2, '', '', 12, '', '920.56', 1, 0),
(131, 'prueba', '26.00', 10, 543, '', '', 11, '', '1022.86', 1, 0),
(132, 'prueba 2', '100.00', 10, 539, '', '', 11, '', '102.29', 1, 0),
(134, 'Topline ', '50.00', 8, 86, '', '', 16, '', '51.14', 1, 0),
(136, 'Menthoplus ', '30.00', 6, 73, '', '', 11, '', '30.69', 1, 0),
(137, 'Cofler Blockx38g ', '50.00', 10, 18, '', '', 16, '', '51.14', 1, 0),
(138, 'Coca Cola x375ml', '70.00', 30, 46, '', '', 6, '', '71.62', 1, 0),
(139, 'Fanta x375ml', '70.00', 30, 49, '', '', 6, '', '71.62', 1, 0),
(140, 'Corona Extra x710', '380.00', 12, 36, '', '', 7, '', '388.67', 1, 0),
(141, 'Corona Extra x330', '200.00', 15, 47, '', '', 7, '', '204.59', 1, 0),
(142, 'Agua Villamanaos x600cm3', '40.00', 20, 4, '', '', 6, '', '71.62', 1, 0),
(143, 'Sprite x375', '70.00', 15, 35, '', '', 6, '', '71.62', 1, 0),
(144, 'Cheetos x48g', '100.00', 15, 38, '', '', 14, '', '102.29', 1, 0),
(145, '3d ', '150.00', 15, 42, '', '', 16, '', '153.44', 1, 0),
(147, 'Plug Dilatador Joya Anal', '1100.00', 1, 5, '', '', 12, '', '1125.14', 1, 0),
(148, 'Amarre De Tobillos Y Manos', '1950.00', 0, 0, '', '', 12, '', '1994.56', 1, 0),
(149, 'Consolador Realista Ventosa', '1000.00', 0, 2, '', '', 12, '', '1022.86', 1, 0),
(150, 'Consolador Realista Ventosa +Gel', '1300.00', 0, 2, '', '', 12, '', '1329.70', 1, 0),
(151, 'Consolador Vaginal Anal De Vidrio', '1600.00', 0, 2, '', '', 12, '', '1636.55', 1, 0),
(152, 'Vasos de Whisky', '200.00', 3, 6, '', '', 11, '', '204.59', 1, 0),
(153, 'Vasos de soda', '200.00', 6, 12, '', '', 11, '', '204.59', 1, 0),
(154, 'box champan', '0.00', 10, 1000, '', '', 15, '', '0.00', 1, 0),
(155, 'Dada Maracuyá', '400.00', 20, 33, '', '', 7, '', '409.15', 1, 0),
(156, 'Box vodka', '0.00', 10, 1000, '', '', 15, '', '0.00', 1, 0),
(159, 'Box red', '0.00', 10, 1000, NULL, '', 15, '', '0.00', 1, 0),
(160, 'ADICIONAL POR HUMO 1 A 6', '400.00', 100, 144, '', '', 11, '', '409.15', 1, 0),
(161, 'box de prueba', '0.00', 10, 1006, NULL, '', 15, '', '0.00', 1, 0),
(162, 'Vasos de cerveza', '200.00', 15, 33, '', '', 11, '', '204.59', 1, 0),
(163, 'Copas', '250.00', 10, 34, '', '', 11, '', '255.71', 1, 0),
(164, 'Champañera de Metal Grande', '500.00', 8, 15, '', '', 11, '', '511.43', 1, 0),
(165, 'Champañera de Metal Chica', '300.00', 1, 3, '', '', 11, '', '306.86', 1, 0),
(166, 'Champañera de acrílico ', '400.00', 8, 14, '', '', 11, '', '409.15', 1, 0),
(167, 'Platos redondos grandes', '600.00', 10, 24, '', '', 11, '', '613.69', 1, 0),
(168, 'Tazas Redondas', '600.00', 10, 24, '', '', 11, '', '613.69', 1, 0),
(169, 'Tazas de café', '600.00', 5, 12, '', '', 11, '', '613.69', 1, 0),
(170, 'Platitos de café', '600.00', 5, 12, '', '', 11, '', '613.69', 1, 0),
(171, 'Tenedor de Metal', '600.00', 24, 50, '', '', 11, '', '613.69', 1, 0),
(172, 'Cuchillo de Metal', '600.00', 24, 50, '', '', 11, '', '613.69', 1, 0),
(173, 'Cuchara Acero Inoxidable Grande', '600.00', 24, 50, '', '', 11, '', '613.69', 1, 0),
(174, 'Cuchara Acero Inoxidable De Té', '600.00', 24, 35, '', '', 11, '', '613.69', 1, 0),
(175, 'Pizzera Enlozada', '800.00', 1, 5, '', '', 11, '', '818.29', 1, 0),
(176, 'Pizzera de Aluminio', '450.00', 1, 3, '', '', 11, '', '460.31', 1, 0),
(177, 'ADICIONAL POR HUMO 7 a 11', '700.00', 200, 199, '', '', 11, '', '716.00', 1, 0),
(180, 'Whisky White Horse', '1000.00', 2, 4, '', '', 7, '', '1022.86', 1, 0),
(181, 'Whisky J&B', '1500.00', 1, 2, '', '', 7, '', '1534.26', 1, 0),
(189, 'turno de la 9 a 11', '1500.00', 10, 198, 'un turno', '', 11, '', '1534.26', 1, 0),
(190, 'mancha de toalla', '250.00', 10, 996, 'toalla sucia', '', 11, '', '255.71', 1, 0),
(191, 'Heineken importada x 250ml', '220.00', 10, 20, 'heineken\r\n', '', 11, '', '225.03', 1, 0),
(192, 'Miller High Life x710', '400.00', 10, 53, '\r\nMiller High Life x710', '', 7, '', '409.15', 1, 0),
(194, 'Miller High Life x355', '250.00', 10, 40, 'Miller High Life x335', '', 7, '', '255.71', 1, 0),
(195, 'Miller importada x 710', '400.00', 10, 41, '', '', 7, '', '409.15', 1, 0),
(196, 'Miller importada x 335', '250.00', 10, 67, '', '', 7, '', '255.71', 1, 0),
(197, 'Heineken importada x 710', '450.00', 5, 20, '', '', 7, '', '460.31', 1, 0),
(198, 'Vino Viñas de Balbo', '150.00', 5, 18, '', '', 7, '', '153.44', 1, 0),
(201, 'Vino Viñas de Alvear', '150.00', 5, 18, '', '', 7, '', '153.44', 1, 0),
(202, 'Coca Cola x2,25L', '200.00', 3, 12, '', '', 11, '', '204.59', 1, 0),
(203, 'box cerveza', '0.00', 10, 1000, NULL, '', 15, '', '0.00', 1, 0),
(204, 'Box Whisky', '0.00', 10, 1000, NULL, '', 15, '', '0.00', 1, 0),
(206, 'Bombon', '50.00', 30, 28, '', '', 11, '', '51.14', 1, 0),
(208, 'asasdasdasdasd', '0.00', 11, 0, 'asdasd', '', 1, '12312312', '0.00', 3, 0),
(209, 'asasdasdasdasd', '0.00', 11, 0, 'asdasd', '', 1, '12312312', '0.00', 3, 0),
(210, 'prueba', '0.00', 123, 0, 'asdasd', '', 1, '123333', '0.00', 0, 0),
(211, 'prueba', '0.00', 123, 0, 'asdasd', '', 1, '123333', '0.00', 1, 0),
(212, 'prueba', '0.00', 123, 0, 'asdasd', '', 1, '123333', '0.00', 1, 0),
(213, 'werwer', '0.00', 123, 0, 'qewdqwe123', '', 2, '3333333', '0.00', 3, 0),
(214, 'werwer', '0.00', 123, 0, 'qewdqwe123', '', 2, '3333333', '0.00', 3, 0),
(215, 'werwer', '0.00', 123, 0, 'qewdqwe123', '', 2, '3333333', '0.00', 3, 0),
(216, 'werwer', '0.00', 123, 0, 'qewdqwe123', '', 2, '3333333', '0.00', 3, 0),
(217, 'werwer', '0.00', 123, 0, 'qewdqwe123', '', 2, '3333333', '0.00', 3, 0),
(218, 'werwer', '0.00', 123, 0, 'qewdqwe123', '', 2, '3333333', '0.00', 3, 0),
(219, 'werwer', '0.00', 123, 0, 'qewdqwe123', '', 2, '3333333', '0.00', 3, 0),
(220, 'werwer', '0.00', 123, 0, 'qewdqwe123', '', 2, '3333333', '0.00', 3, 0),
(221, 'werwer', '0.00', 123, 0, 'qewdqwe123', '', 2, '3333333', '0.00', 3, 0),
(222, 'werwer', '0.00', 123, 0, 'qewdqwe123', '', 2, '3333333', '0.00', 3, 0),
(223, 'asd', '0.00', 123, 0, 'asfdafdads', '', 3, '123123', '0.00', 3, 0),
(224, 'asd', '0.00', 123, 0, 'asfdafdads', '', 3, '123123', '0.00', 3, 0),
(225, 'asd', '0.00', 123, 0, 'asfdafdads', '', 3, '123123', '0.00', 3, 0),
(226, 'asd', '0.00', 123, 0, 'asfdafdads', '', 3, '123123', '0.00', 3, 0),
(227, 'asd', '0.00', 123, 0, 'asfdafdads', '', 3, '123123', '0.00', 3, 0),
(228, 'asdasd', '0.00', 11, 0, 'asdasd', '', 2, '123123', '0.00', 3, 0),
(229, 'papas', '0.00', 100, 0, 'holaaaaaaaaaaaaaaa', '', 1, '1234678', '0.00', 5, 0),
(230, 'afeitadas', '0.00', 123, 0, 'adfadas', '', 16, '1000000', '0.00', 6, 0),
(232, '', '0.00', 0, 0, '', '', 0, '', '0.00', 0, 0),
(233, '', '0.00', 0, 0, '', '', 0, '', '0.00', 0, 0),
(234, '', '0.00', 0, 0, '', '', 0, '', '0.00', 0, 0),
(235, '', '0.00', 0, 0, '', '', 0, '', '0.00', 0, 0),
(236, '', '0.00', 0, 0, '', '', 0, '', '0.00', 0, 0),
(237, 'aaa', '0.00', 0, 0, '', '', 0, '', '0.00', 0, 0),
(238, 'dasd', '0.00', 1, 0, 'asd', '', 1, '123', '0.00', 1, 0),
(239, 'prueba 2', '0.00', 1, 0, 'adasdasda', '', 1, '1234678', '0.00', 4, 0),
(240, 'prueba 2', '0.00', 1, 0, 'adasdasda', '', 1, '1234678', '0.00', 4, 0),
(241, 'prueba 2', '0.00', 1, 0, 'adasdasda', '', 1, '1234678', '0.00', 4, 0),
(242, 'francisco', '0.00', 12333, 0, 'asdas', '', 14, '000999', '0.00', 5, 0),
(243, 'francisco', '0.00', 12333, 0, 'asdas', '', 14, '000999', '0.00', 5, 0),
(244, 'jaja', '0.00', 123, 0, '123123123123', '', 1, '122', '0.00', 4, 0),
(245, 'jaja', '0.00', 123, 0, '123123123123', '', 1, '122', '0.00', 4, 0),
(246, 'a', '0.00', 123, 0, '123123123123', '', 1, '122', '0.00', 1, 0),
(247, 'a', '0.00', 123, 0, '123123123123', '', 1, '122', '0.00', 1, 0),
(248, 'a', '0.00', 123, 0, '123123123123', '', 1, '122', '0.00', 2, 0),
(249, 'aa', '0.00', 123, 0, 'asd', '', 14, '1', '0.00', 1, 0),
(250, 'b', '0.00', 123, 0, 'asd', '', 14, '1', '0.00', 1, 0),
(251, 'perros', '0.00', 123, 0, 'asd', '', 14, '1', '0.00', 1, 0),
(252, 'papas DOBLE', '0.00', 10, 50, 'PAPAS PAPASsssss', '', 5, '0000000000', '103307.13', 13, 0),
(253, 'a', '0.00', 11, 0, '1asdasd', '', 11, '1111111', '0.00', 1, 0),
(254, 'aaaa', '0.00', 10, 0, 'adsfadf', '', 1, '555555', '0.00', 1, 0),
(255, 'pancho', '0.00', 10, 0, 'asdasd', '', 1, '25635865', '0.00', 1, 0),
(256, 'asdasd', '0.00', 1, 0, 'sadfasd', '', 1, '66', '0.00', 6, 0);

-- --------------------------------------------------------

--
-- Estructura de tabla para la tabla `categoria`
--

CREATE TABLE `categoria` (
  `idCategoria` int(11) NOT NULL,
  `nombreCategoria` varchar(50) NOT NULL
) ENGINE=InnoDB DEFAULT CHARSET=latin1;

--
-- Volcado de datos para la tabla `categoria`
--

INSERT INTO `categoria` (`idCategoria`, `nombreCategoria`) VALUES
(1, 'pizza'),
(2, 'hamburguesa,sandwich'),
(3, 'empanada'),
(5, 'milanesas'),
(6, 'gaseosa'),
(7, 'vino,cerveza,wisky,champagne'),
(11, 'dulces'),
(12, 'sex shop'),
(14, 'picaditas'),
(15, 'Combo'),
(16, 'bandeja');

-- --------------------------------------------------------

--
-- Estructura de tabla para la tabla `detalleventa`
--

CREATE TABLE `detalleventa` (
  `idDetalleVenta` int(11) NOT NULL,
  `idV` int(11) NOT NULL,
  `nombreProducto` varchar(100) NOT NULL,
  `cantidadV` int(11) NOT NULL,
  `precio` decimal(11,2) NOT NULL,
  `fecha` date NOT NULL
) ENGINE=InnoDB DEFAULT CHARSET=utf8mb4;

--
-- Volcado de datos para la tabla `detalleventa`
--

INSERT INTO `detalleventa` (`idDetalleVenta`, `idV`, `nombreProducto`, `cantidadV`, `precio`, `fecha`) VALUES
(1, 2, 'xx', 1, '1344.31', '2021-03-14'),
(2, 2, 'xx', 1, '1344.31', '2021-03-14'),
(3, 2, 'xx', 1, '1344.31', '2021-03-14'),
(4, 3, 'xx', 1, '1344.31', '2021-03-14'),
(5, 4, 'Potente vibrador con funda de silicona', 1, '30548.96', '2021-03-15'),
(6, 5, 'xx', 1, '1344.31', '2021-03-16'),
(7, 5, 'Potente vibrador con funda de silicona', 1, '30548.96', '2021-03-16'),
(8, 5, 'Disfraz Cotillón Monja Sexy', 1, '1344.31', '2021-03-16'),
(9, 0, 'xx', 1, '1344.31', '2021-03-16'),
(10, 0, 'xx', 1, '1344.31', '2021-03-16'),
(11, 0, 'xx', 1, '1344.31', '2021-03-16'),
(12, 6, 'xx', 1, '1344.31', '2021-03-16'),
(13, 6, 'xx', 1, '1344.31', '2021-03-16'),
(14, 6, 'xx', 1, '1344.31', '2021-03-16'),
(15, 6, 'xx', 1, '1344.31', '2021-03-16'),
(16, 7, 'xx', 1, '1344.31', '2021-03-16'),
(17, 8, 'xx', 1, '2000.00', '2021-03-16'),
(18, 9, 'xx', 1, '2000.00', '2021-03-16'),
(19, 9, 'Potente vibrador con funda de silicona', 1, '30548.96', '2021-03-16'),
(20, 9, 'Disfraz Cotillón Monja Sexy', 1, '1344.31', '2021-03-16'),
(21, 9, 'Potente vibrador con funda de silicona', 32, '30548.96', '2021-03-16'),
(22, 10, 'xx', 21, '2000.00', '2021-03-16'),
(23, 10, 'xx', 21, '2000.00', '2021-03-16'),
(24, 10, 'xx', 21, '2000.00', '2021-03-16'),
(25, 11, 'Potente vibrador con funda de silicona', 1, '30548.96', '2021-03-16'),
(26, 11, 'xx', 5, '2000.00', '2021-03-16'),
(27, 12, 'xx', 1, '2000.00', '2021-03-16'),
(28, 12, 'Disfraz Cotillón Monja Sexy', 1, '1344.31', '2021-03-16'),
(29, 12, 'Disfraz Mucama Hot', 1, '1943.43', '2021-03-16'),
(30, 12, 'Disfraz de Presa Sexy', 1, '2863.96', '2021-03-16'),
(31, 13, 'xx', 3, '2000.00', '2021-03-16'),
(32, 13, 'xx', 2, '2000.00', '2021-03-16'),
(33, 13, 'xx', 2, '2000.00', '2021-03-16'),
(34, 14, 'xx', 1, '2000.00', '2021-03-17'),
(35, 14, 'xx', 1, '2000.00', '2021-03-17'),
(36, 14, 'xx', 1, '2000.00', '2021-03-17'),
(37, 14, 'xx', 1, '2000.00', '2021-03-17');

-- --------------------------------------------------------

--
-- Estructura de tabla para la tabla `entrada`
--

CREATE TABLE `entrada` (
  `idEntrada` int(11) NOT NULL,
  `fecha` date NOT NULL,
  `nFactura` varchar(100) NOT NULL,
  `observacion` text NOT NULL,
  `idProve` int(11) NOT NULL
) ENGINE=InnoDB DEFAULT CHARSET=utf8mb4;

--
-- Volcado de datos para la tabla `entrada`
--

INSERT INTO `entrada` (`idEntrada`, `fecha`, `nFactura`, `observacion`, `idProve`) VALUES
(1, '2020-11-12', '000001', '', 0),
(10, '2020-11-14', '002', 'un turno', 0),
(11, '2020-11-14', '000002', '', 0),
(12, '2020-11-15', '0003', 'toallas sucias', 0),
(14, '2020-11-17', '000004', '', 0),
(15, '2020-11-17', '000005', '', 0),
(16, '2020-11-17', '000006', '', 0),
(17, '2020-11-18', '000007', '', 0),
(18, '2020-11-18', '000008', '', 0),
(19, '2020-11-18', '000009', '', 0),
(20, '2020-11-25', '00010', '', 0),
(21, '2020-11-25', '00011', '', 0),
(22, '2020-11-25', '00012', '', 0),
(23, '2020-11-27', '000013', '', 0),
(24, '2020-12-04', '00014', '', 0),
(25, '2020-12-04', '00015', '', 0),
(26, '2020-12-05', '00016', '', 0),
(27, '2020-12-06', '00017', '', 0),
(28, '2020-12-08', '00018', '', 0),
(29, '2020-12-08', '00019', '', 0),
(30, '2020-12-09', '000prueba', 'es una prueba', 0),
(31, '2020-12-10', '00020', 'AGUAS SABORIZADAS X500', 0),
(32, '2020-12-10', '00021', 'AGUAS SABORIZADAS X500', 0),
(33, '2020-12-12', '000mancha', 'manchitas', 0),
(34, '2020-12-12', '00022', 'sobrante suite N° 10', 0),
(35, '2020-12-12', '00023', '', 0),
(36, '2020-12-13', '00024', 'Preservativos Camaleón', 0),
(37, '2020-12-14', '00025', '', 0),
(38, '2020-12-16', '00026', '3D', 0),
(39, '2020-12-17', '00027', 'cola de zorra', 0),
(40, '2020-12-17', '00028', 'BEBIDAS EN GRAL', 0),
(41, '2020-12-18', '00029', 'BEBIDAS EN GRAL', 0),
(42, '2020-12-18', '00030', 'BEBIDAS EN GENERAL', 0),
(43, '2020-12-18', '00031', 'CHANDON DELICE', 0),
(44, '2020-12-19', '00032', 'BEBIDAS IMPORTADAS', 0),
(45, '2020-12-19', '00033', 'MILLER LATA', 0),
(46, '2020-12-20', '0034', '', 0),
(47, '2020-12-23', '00035', 'PRESERVATIVO CAMALEON', 0),
(48, '2020-12-23', '00036', 'Topline y Menthoplus', 0),
(49, '2020-12-23', '00037', 'Menthoplus', 0),
(50, '2020-12-25', '00038', 'PRIME', 0),
(51, '2020-12-28', '00039', 'DADA, COCA, IMPERIAL, SMIRNOFF, SPEED', 0),
(52, '2020-12-31', '00040', '', 0),
(53, '2021-01-08', '00041', 'coca, smirnoff', 0),
(54, '2021-01-08', '00042', 'smirnoff', 0),
(55, '2021-01-08', '00042', 'COCA', 0),
(56, '2021-01-08', '00043', 'SEX SHOP', 0),
(57, '2021-01-10', '00044', 'CEPITA', 0),
(58, '2021-01-11', '000045', '', 0),
(59, '2021-01-11', '00046', 'IMPERIAL,MILLER, CORONAS NAC, DADA, SPRITE', 0),
(60, '2021-01-14', '000047', 'PRIME', 0),
(61, '2021-01-19', '00048', 'DELICE, DADA, AGUA, COCA', 0),
(62, '2021-01-25', '00049', 'PRIME', 0),
(63, '2021-01-27', '00050', 'WHITE HOUSE, SMIRNOFF, CORONAX330,QUILMES,SPEED, SPRITE', 0),
(64, '2021-01-27', '00051', '', 0),
(65, '2021-01-28', '00052', 'Bombones', 0),
(66, '2021-01-28', '00053', 'BRAHMA', 0),
(67, '2021-01-30', '00054', 'doritos, papas fritas', 0),
(68, '2021-01-31', '00055', 'CORONA, MILLER', 0),
(69, '2021-02-05', '00056', 'BRAHMA, COCA, FANTA, SPRITE, AGUA', 0),
(70, '2021-02-05', '00057', 'MENTHOPLUS, BOMBON, TOPLINE', 0),
(71, '2021-02-09', '00058', 'Smirnoff, dada, speed', 0),
(72, '2021-02-13', '000059', '', 0),
(73, '2021-02-14', '00060', 'Vibrador', 0),
(74, '2021-02-14', '00061', 'Vibrador', 0),
(75, '2021-02-14', '00071', 'DISFRAZ', 0),
(76, '2021-02-16', '00072', 'FERRERO ROCHER', 0),
(81, '2021-02-19', 'prueba', '', 0),
(82, '2021-02-20', '00073', '', 0),
(83, '2021-02-20', '00074', 'BRAHMA, CORONA, CEPITA X300, AMSTEL, HEINEKEN, AGUA', 0),
(84, '2021-02-21', '00075', '', 0),
(85, '2021-02-22', '00076', '', 0),
(102, '2021-02-23', '00077', 'Preservativos camaleon', 0),
(104, '2021-02-27', '00078', 'CEPITA', 0),
(105, '2021-02-27', '00079', 'COCAX500', 0),
(107, '2021-03-03', '00080', 'SEX SHOP', 0),
(108, '2021-03-05', '00081', 'PAPAS FRITAS J', 0),
(109, '2021-03-05', '00082', 'mani', 0),
(110, '2021-03-05', '00083', 'AGUA Y COCA', 0),
(111, '2021-03-05', '00083', 'menthoplus, topline, bombon', 0),
(113, '2021-03-07', '2151515', 'sdfsdfsdf', 0),
(114, '2021-03-12', 'prueba', 'logicoas', 22),
(115, '2021-03-14', '12312', 'asdasdasd', 21);

-- --------------------------------------------------------

--
-- Estructura de tabla para la tabla `establecimiento`
--

CREATE TABLE `establecimiento` (
  `idEsta` int(11) NOT NULL,
  `nombreEsta` varchar(50) NOT NULL
) ENGINE=InnoDB DEFAULT CHARSET=utf8mb4;

--
-- Volcado de datos para la tabla `establecimiento`
--

INSERT INTO `establecimiento` (`idEsta`, `nombreEsta`) VALUES
(1, 'Galpon 1'),
(2, 'Galpon 2'),
(3, 'Galpon 3'),
(4, 'Galpon 4'),
(5, 'Galpon 5'),
(6, 'pocoyo'),
(7, 'pocoyo'),
(8, 'pocoyo'),
(9, 'asd'),
(10, 'asd'),
(11, 'asd'),
(12, 'jaja'),
(13, 'SHHH'),
(14, 'bogha galpon'),
(15, 'ddddd'),
(16, 'df'),
(17, 'ff'),
(18, 'asd');

-- --------------------------------------------------------

--
-- Estructura de tabla para la tabla `facturaentrada`
--

CREATE TABLE `facturaentrada` (
  `id` int(11) NOT NULL,
  `idEntrada` int(11) NOT NULL,
  `idArticulo` int(11) NOT NULL,
  `cantidad` int(11) NOT NULL,
  `fecha` date NOT NULL,
  `costo` int(11) NOT NULL
) ENGINE=InnoDB DEFAULT CHARSET=utf8mb4;

--
-- Volcado de datos para la tabla `facturaentrada`
--

INSERT INTO `facturaentrada` (`id`, `idEntrada`, `idArticulo`, `cantidad`, `fecha`, `costo`) VALUES
(1, 1, 64, 120, '2020-11-12', 0),
(2, 1, 180, 6, '2020-11-12', 0),
(3, 1, 181, 4, '2020-11-12', 0),
(12, 10, 189, 200, '2020-11-14', 1500),
(13, 11, 137, 40, '2020-11-14', 50),
(14, 11, 136, 24, '2020-11-14', 30),
(15, 11, 134, 32, '2020-11-14', 50),
(16, 12, 190, 1000, '2020-11-15', 250),
(18, 14, 192, 60, '2020-11-17', 400),
(19, 14, 195, 45, '2020-11-17', 400),
(20, 14, 194, 48, '2020-11-17', 250),
(21, 14, 196, 72, '2020-11-17', 250),
(22, 14, 191, 24, '2020-11-17', 220),
(23, 14, 197, 24, '2020-11-17', 450),
(24, 15, 74, 6, '2020-11-17', 550),
(25, 16, 138, 60, '2020-11-17', 50),
(26, 17, 88, 2, '2020-11-18', 2200),
(27, 18, 202, 12, '2020-11-18', 250),
(28, 19, 44, 1, '2020-11-18', 2800),
(29, 20, 71, 60, '2020-11-25', 250),
(30, 21, 117, 72, '2020-11-25', 150),
(31, 22, 68, 120, '2020-11-25', 150),
(32, 22, 73, 6, '2020-11-25', 850),
(33, 23, 70, 72, '2020-11-27', 100),
(34, 23, 66, 36, '2020-11-27', 60),
(35, 23, 72, 12, '2020-11-27', 150),
(36, 23, 138, 36, '2020-11-27', 70),
(37, 24, 136, 36, '2020-12-04', 30),
(38, 25, 134, 48, '2020-12-04', 50),
(39, 26, 206, 30, '2020-12-05', 50),
(40, 27, 207, 10, '2020-12-06', 3200),
(41, 28, 63, 96, '2020-12-08', 100),
(42, 28, 73, 6, '2020-12-08', 900),
(43, 28, 93, 18, '2020-12-08', 450),
(44, 28, 64, 96, '2020-12-08', 70),
(45, 28, 138, 72, '2020-12-08', 70),
(46, 28, 139, 72, '2020-12-08', 70),
(47, 28, 143, 72, '2020-12-08', 70),
(48, 28, 66, 72, '2020-12-08', 50),
(49, 28, 70, 96, '2020-12-08', 100),
(50, 28, 65, 96, '2020-12-08', 100),
(51, 29, 209, 12, '2020-12-08', 200),
(53, 31, 211, 108, '2020-12-10', 20),
(54, 32, 212, 108, '2020-12-10', 20),
(55, 33, 215, 1000, '2020-12-12', 220),
(56, 34, 141, 4, '2020-12-12', 200),
(57, 35, 216, 72, '2020-12-12', 80),
(58, 36, 86, 24, '2020-12-13', 100),
(59, 37, 219, 10, '2020-12-14', 410),
(60, 37, 220, 10, '2020-12-14', 480),
(61, 37, 221, 5, '2020-12-14', 500),
(62, 37, 222, 5, '2020-12-14', 500),
(63, 37, 223, 1, '2020-12-14', 1700),
(64, 38, 145, 58, '2020-12-16', 70),
(65, 39, 97, 2, '2020-12-17', 1400),
(66, 40, 181, 3, '2020-12-17', 1400),
(67, 40, 142, 48, '2020-12-17', 18),
(68, 40, 64, 72, '2020-12-17', 35),
(69, 41, 72, 12, '2020-12-18', 112),
(70, 41, 74, 6, '2020-12-18', 609),
(71, 41, 71, 36, '2020-12-18', 167),
(72, 41, 70, 96, '2020-12-18', 71),
(73, 41, 69, 72, '2020-12-18', 103),
(74, 42, 65, 120, '2020-12-18', 75),
(75, 42, 180, 5, '2020-12-18', 800),
(76, 43, 73, 6, '2020-12-18', 800),
(77, 44, 210, 72, '2020-12-19', 400),
(78, 44, 141, 144, '2020-12-19', 250),
(79, 44, 197, 72, '2020-12-19', 450),
(80, 44, 191, 144, '2020-12-19', 220),
(81, 45, 70, 48, '2020-12-19', 110),
(82, 46, 224, 1000, '2020-12-20', 1000),
(83, 47, 86, 120, '2020-12-23', 53),
(84, 48, 134, 64, '2020-12-23', 50),
(85, 49, 136, 48, '2020-12-23', 50),
(86, 50, 84, 24, '2020-12-25', 150),
(87, 51, 64, 96, '2020-12-28', 38),
(88, 51, 138, 36, '2020-12-28', 46),
(89, 51, 63, 72, '2020-12-28', 63),
(90, 51, 94, 18, '2020-12-28', 275),
(91, 51, 155, 18, '2020-12-28', 275),
(92, 51, 74, 6, '2020-12-28', 380),
(93, 52, 70, 120, '2020-12-31', 110),
(94, 52, 142, 72, '2020-12-31', 70),
(95, 53, 67, 60, '2021-01-08', 55),
(96, 54, 74, 6, '2021-01-08', 460),
(97, 55, 67, 12, '2021-01-08', 55),
(98, 56, 229, 1, '2021-01-08', 1500),
(99, 56, 230, 3, '2021-01-08', 900),
(100, 56, 232, 4, '2021-01-08', 1200),
(101, 56, 231, 3, '2021-01-08', 1200),
(102, 56, 233, 2, '2021-01-08', 2400),
(103, 57, 72, 32, '2021-01-10', 150),
(104, 58, 136, 48, '2021-01-11', 50),
(105, 58, 134, 100, '2021-01-11', 50),
(106, 58, 206, 60, '2021-01-11', 50),
(107, 59, 63, 96, '2021-01-11', 70),
(108, 59, 70, 144, '2021-01-11', 80),
(109, 59, 71, 60, '2021-01-11', 175),
(110, 59, 117, 120, '2021-01-11', 100),
(111, 59, 155, 24, '2021-01-11', 290),
(112, 59, 94, 12, '2021-01-11', 290),
(113, 59, 143, 12, '2021-01-11', 46),
(114, 60, 84, 72, '2021-01-14', 88),
(115, 61, 238, 0, '2021-01-19', 400),
(116, 61, 73, 60, '2021-01-19', 800),
(117, 61, 95, 18, '2021-01-19', 284),
(118, 61, 94, 12, '2021-01-19', 284),
(119, 61, 142, 60, '2021-01-19', 21),
(120, 61, 67, 60, '2021-01-19', 54),
(121, 62, 84, 72, '2021-01-25', 150),
(122, 63, 180, 4, '2021-01-27', 800),
(123, 63, 74, 6, '2021-01-27', 400),
(124, 63, 117, 96, '2021-01-27', 100),
(125, 63, 64, 72, '2021-01-27', 38),
(126, 63, 143, 24, '2021-01-27', 70),
(127, 64, 65, 96, '2021-01-27', 100),
(128, 65, 206, 45, '2021-01-28', 50),
(129, 66, 240, 120, '2021-01-28', 70),
(130, 67, 214, 140, '2021-01-30', 90),
(131, 67, 216, 72, '2021-01-30', 30),
(132, 68, 71, 120, '2021-01-31', 175),
(133, 68, 70, 96, '2021-01-31', 78),
(134, 69, 240, 240, '2021-02-05', 70),
(135, 69, 67, 48, '2021-02-05', 56),
(136, 69, 100, 48, '2021-02-05', 56),
(137, 69, 101, 12, '2021-02-05', 56),
(138, 69, 142, 48, '2021-02-05', 22),
(139, 70, 206, 75, '2021-02-05', 30),
(140, 70, 136, 48, '2021-02-05', 24),
(142, 71, 74, 6, '2021-02-09', 442),
(143, 71, 93, 36, '2021-02-09', 284),
(144, 71, 155, 30, '2021-02-09', 284),
(145, 71, 64, 48, '2021-02-09', 42),
(146, 72, 93, 60, '2021-02-13', 500),
(147, 73, 233, 2, '2021-02-14', 1500),
(148, 74, 231, 4, '2021-02-14', 1500),
(149, 75, 248, 2, '2021-02-14', 1800),
(150, 75, 246, 2, '2021-02-14', 1950),
(151, 75, 247, 2, '2021-02-14', 1850),
(152, 75, 249, 1, '2021-02-14', 4600),
(153, 76, 254, 21, '2021-02-16', 250),
(162, 81, 255, 1100, '2021-02-19', 100),
(163, 82, 257, 100000, '2021-02-20', 600),
(164, 83, 240, 240, '2021-02-20', 68),
(165, 83, 71, 120, '2021-02-20', 175),
(166, 83, 141, 240, '2021-02-20', 95),
(167, 83, 142, 60, '2021-02-20', 32),
(168, 83, 68, 72, '2021-02-20', 90),
(169, 83, 258, 120, '2021-02-20', 57),
(170, 83, 259, 12, '2021-02-20', 36),
(171, 84, 260, 10000, '2021-02-21', 1500),
(172, 85, 117, 120, '2021-02-22', 150),
(192, 102, 86, 36, '2021-02-23', 100),
(200, 30, 131, 300, '2021-02-24', 100),
(201, 104, 72, 16, '2021-02-27', 120),
(202, 105, 67, 84, '2021-02-27', 90),
(204, 107, 91, 2, '2021-03-03', 1700),
(205, 107, 232, 4, '2021-03-03', 800),
(206, 107, 230, 6, '2021-03-03', 700),
(207, 107, 149, 2, '2021-03-03', 650),
(208, 108, 216, 72, '2021-03-05', 31),
(209, 109, 83, 18, '2021-03-05', 100),
(210, 110, 142, 120, '2021-03-05', 70),
(211, 110, 202, 6, '2021-03-05', 250),
(212, 111, 136, 120, '2021-03-05', 50),
(213, 111, 134, 160, '2021-03-05', 50),
(214, 111, 206, 54, '2021-03-05', 50),
(215, 1, 98, 1, '2021-03-07', 1000),
(219, 113, 38, 1, '2021-03-07', 100),
(220, 114, 38, 7, '2021-03-12', 10),
(221, 115, 38, 1, '2021-03-14', 100),
(222, 115, 42, 1, '2021-03-14', 100);

-- --------------------------------------------------------

--
-- Estructura de tabla para la tabla `proveedores`
--

CREATE TABLE `proveedores` (
  `idProveedor` int(11) NOT NULL,
  `nombreP` varchar(50) NOT NULL,
  `direccionP` varchar(50) NOT NULL,
  `telefonoP` varchar(50) NOT NULL,
  `informacionExtra` text NOT NULL
) ENGINE=InnoDB DEFAULT CHARSET=utf8mb4;

--
-- Volcado de datos para la tabla `proveedores`
--

INSERT INTO `proveedores` (`idProveedor`, `nombreP`, `direccionP`, `telefonoP`, `informacionExtra`) VALUES
(7, 'Grand thef auto', 'play 4', '3718659852', 'gta5'),
(21, 'Arcor', 'Mateu 567', '3718563125', 'Dulces chocolates bombones etc.');

-- --------------------------------------------------------

--
-- Estructura de tabla para la tabla `users`
--

CREATE TABLE `users` (
  `id` int(11) NOT NULL,
  `user` varchar(50) NOT NULL,
  `pass` varchar(50) NOT NULL
) ENGINE=InnoDB DEFAULT CHARSET=utf8mb4;

--
-- Volcado de datos para la tabla `users`
--

INSERT INTO `users` (`id`, `user`, `pass`) VALUES
(1, 'pancho', '123');

-- --------------------------------------------------------

--
-- Estructura de tabla para la tabla `ventas`
--

CREATE TABLE `ventas` (
  `idVenta` int(11) NOT NULL,
  `fechaV` date NOT NULL,
  `totalV` decimal(11,2) NOT NULL,
  `idUser` int(11) NOT NULL
) ENGINE=InnoDB DEFAULT CHARSET=utf8mb4;

--
-- Volcado de datos para la tabla `ventas`
--

INSERT INTO `ventas` (`idVenta`, `fechaV`, `totalV`, `idUser`) VALUES
(2, '2021-03-14', '4033.00', 1),
(3, '2021-03-14', '1344.00', 1),
(4, '2021-03-15', '30549.00', 1),
(5, '2021-03-16', '33237.58', 1),
(6, '2021-03-16', '5377.24', 1),
(7, '2021-03-16', '1344.31', 1),
(8, '2021-03-16', '2000.00', 1),
(9, '2021-03-16', '1011459.99', 1),
(10, '2021-03-16', '126000.00', 1),
(11, '2021-03-16', '40548.96', 1),
(12, '2021-03-16', '8151.70', 1),
(13, '2021-03-16', '14000.00', 1),
(14, '2021-03-17', '8000.00', 1);

--
-- Índices para tablas volcadas
--

--
-- Indices de la tabla `articulos`
--
ALTER TABLE `articulos`
  ADD PRIMARY KEY (`articulo`);

--
-- Indices de la tabla `categoria`
--
ALTER TABLE `categoria`
  ADD PRIMARY KEY (`idCategoria`);

--
-- Indices de la tabla `detalleventa`
--
ALTER TABLE `detalleventa`
  ADD PRIMARY KEY (`idDetalleVenta`);

--
-- Indices de la tabla `entrada`
--
ALTER TABLE `entrada`
  ADD PRIMARY KEY (`idEntrada`);

--
-- Indices de la tabla `establecimiento`
--
ALTER TABLE `establecimiento`
  ADD PRIMARY KEY (`idEsta`);

--
-- Indices de la tabla `facturaentrada`
--
ALTER TABLE `facturaentrada`
  ADD PRIMARY KEY (`id`);

--
-- Indices de la tabla `proveedores`
--
ALTER TABLE `proveedores`
  ADD PRIMARY KEY (`idProveedor`);

--
-- Indices de la tabla `users`
--
ALTER TABLE `users`
  ADD PRIMARY KEY (`id`);

--
-- Indices de la tabla `ventas`
--
ALTER TABLE `ventas`
  ADD PRIMARY KEY (`idVenta`);

--
-- AUTO_INCREMENT de las tablas volcadas
--

--
-- AUTO_INCREMENT de la tabla `articulos`
--
ALTER TABLE `articulos`
  MODIFY `articulo` int(11) NOT NULL AUTO_INCREMENT, AUTO_INCREMENT=257;

--
-- AUTO_INCREMENT de la tabla `categoria`
--
ALTER TABLE `categoria`
  MODIFY `idCategoria` int(11) NOT NULL AUTO_INCREMENT, AUTO_INCREMENT=17;

--
-- AUTO_INCREMENT de la tabla `detalleventa`
--
ALTER TABLE `detalleventa`
  MODIFY `idDetalleVenta` int(11) NOT NULL AUTO_INCREMENT, AUTO_INCREMENT=38;

--
-- AUTO_INCREMENT de la tabla `entrada`
--
ALTER TABLE `entrada`
  MODIFY `idEntrada` int(11) NOT NULL AUTO_INCREMENT, AUTO_INCREMENT=116;

--
-- AUTO_INCREMENT de la tabla `establecimiento`
--
ALTER TABLE `establecimiento`
  MODIFY `idEsta` int(11) NOT NULL AUTO_INCREMENT, AUTO_INCREMENT=19;

--
-- AUTO_INCREMENT de la tabla `facturaentrada`
--
ALTER TABLE `facturaentrada`
  MODIFY `id` int(11) NOT NULL AUTO_INCREMENT, AUTO_INCREMENT=223;

--
-- AUTO_INCREMENT de la tabla `proveedores`
--
ALTER TABLE `proveedores`
  MODIFY `idProveedor` int(11) NOT NULL AUTO_INCREMENT, AUTO_INCREMENT=25;

--
-- AUTO_INCREMENT de la tabla `users`
--
ALTER TABLE `users`
  MODIFY `id` int(11) NOT NULL AUTO_INCREMENT, AUTO_INCREMENT=2;

--
-- AUTO_INCREMENT de la tabla `ventas`
--
ALTER TABLE `ventas`
  MODIFY `idVenta` int(11) NOT NULL AUTO_INCREMENT, AUTO_INCREMENT=15;
COMMIT;

/*!40101 SET CHARACTER_SET_CLIENT=@OLD_CHARACTER_SET_CLIENT */;
/*!40101 SET CHARACTER_SET_RESULTS=@OLD_CHARACTER_SET_RESULTS */;
/*!40101 SET COLLATION_CONNECTION=@OLD_COLLATION_CONNECTION */;
